{
    "param_type": "KNOCKBACK_PARAM_ST",
    "big_endian": false,
    "unknown": 0,
    "paramdef_data_version": 1,
    "flags1": 2,
    "flags2": 0,
    "paramdef_format_version": 0,
    "rows": {
        "0": {
            "RawName": "b'\\x94\\xc4\\x97p'",
            "Name": "\u6c4e\u7528",
            "DamageMinContTime": 0.019999999552965164,
            "DamageSContTime": 0.009999999776482582,
            "DamageMContTime": 0.029999999329447746,
            "DamageLContTime": 0.05000000074505806,
            "DamageStrikeContTime": 0.10000000149011612,
            "DamageUppercutContTime": 0.44999998807907104,
            "DamagePushContTime": 0.10000000149011612,
            "GuardSContTime": 0.05000000074505806,
            "GuardLContTime": 0.019999999552965164,
            "GuardBrakeContTime": 0.07000000029802322,
            "DamageMinDecTime": 0.05999999865889549,
            "DamageSDecTime": 0.15000000596046448,
            "DamageMDecTime": 0.6899999976158142,
            "DamageLDecTime": 1.0,
            "DamageUppercutDecTime": 1.75,
            "DamagePushDecTime": 0.8999999761581421,
            "GuardSDecTime": 0.20000000298023224,
            "GuardLDecTime": 0.699999988079071,
            "GuardBrakeDecTime": 0.20000000298023224
        },
        "1": {
            "RawName": "b'PC\\x97p'",
            "Name": "PC\u7528",
            "DamageMinContTime": 0.019999999552965164,
            "DamageSContTime": 0.009999999776482582,
            "DamageMContTime": 0.029999999329447746,
            "DamageLContTime": 0.05000000074505806,
            "DamageStrikeContTime": 0.10000000149011612,
            "DamageUppercutContTime": 0.44999998807907104,
            "DamagePushContTime": 0.10000000149011612,
            "GuardSContTime": 0.05000000074505806,
            "GuardLContTime": 0.019999999552965164,
            "GuardBrakeContTime": 0.07000000029802322,
            "DamageMinDecTime": 0.05999999865889549,
            "DamageSDecTime": 0.15000000596046448,
            "DamageMDecTime": 0.6899999976158142,
            "DamageLDecTime": 1.0,
            "DamageUppercutDecTime": 1.75,
            "DamagePushDecTime": 0.8999999761581421,
            "GuardSDecTime": 0.20000000298023224,
            "GuardLDecTime": 0.699999988079071,
            "GuardBrakeDecTime": 0.20000000298023224
        },
        "10": {
            "RawName": "b'\\x93G\\x94\\xc4\\x97pold'",
            "Name": "\u6575\u6c4e\u7528old",
            "DamageMinContTime": 0.019999999552965164,
            "DamageSContTime": 0.019999999552965164,
            "DamageMContTime": 0.05000000074505806,
            "DamageLContTime": 0.019999999552965164,
            "DamageStrikeContTime": 0.20000000298023224,
            "DamageUppercutContTime": 0.20000000298023224,
            "DamagePushContTime": 0.20000000298023224,
            "GuardSContTime": 0.019999999552965164,
            "GuardLContTime": 0.019999999552965164,
            "DamageMinDecTime": 0.019999999552965164,
            "DamageSDecTime": 0.019999999552965164,
            "DamageMDecTime": 0.800000011920929,
            "DamageLDecTime": 0.800000011920929,
            "DamagePushDecTime": 1.0,
            "GuardSDecTime": 0.20000000298023224,
            "GuardLDecTime": 0.699999988079071
        }
    }
}